"Country Name","Country Code","Indicator Name","Indicator Code","1960","1961","1962","1963","1964","1965","1966","1967","1968","1969","1970","1971","1972","1973","1974","1975","1976","1977","1978","1979","1980","1981","1982","1983","1984","1985","1986","1987","1988","1989","1990","1991","1992","1993","1994","1995","1996","1997","1998","1999","2000","2001","2002","2003","2004","2005","2006","2007","2008","2009","2010","2011","2012","2013","2014","2015","2016","2017","2018","2019","2020",
"Aruba","ABW","Arms exports (SIPRI trend indicator values)","MS.MIL.XPRT.KD","","","","","","","","","","","","","","","","","","","","","","","","","","","","","","","","","","","","","18000000","","","","","","","","","","","","","","","","","","","","","","","","",
"Afghanistan","AFG","Arms exports (SIPRI trend indicator values)","MS.MIL.XPRT.KD","","","","","","","","","","","","","","","","","","","","","","","","","","","","","","","","","1000000","","","","","","","","","","","","","","","","","","","","","","","","","","","","",
"Angola","AGO","Arms exports (SIPRI trend indicator values)","MS.MIL.XPRT.KD","","","","","","","","","","","","","","","","","","","","3000000","0","","","","","","","","","","","","8000000","","","","","","","","","","2000000","","","","","","","","","","","","","","","","","","",
"Albania","ALB","Arms exports (SIPRI trend indicator values)","MS.MIL.XPRT.KD","","","","","","","","","","","","","","","","","","","","","","","","","","","","","","","","","","","","","","","","","","","","","","","","","","","","0","","","","","","","","","",
"Andorra","AND","Arms exports (SIPRI trend indicator values)","MS.MIL.XPRT.KD","","","","","","","","","","","","","","","","","","","","","","","","","","","","","","","","","","","","","","","","","","","","","","","","","","","","","","","","","","","","","",
"Arab World","ARB","Arms exports (SIPRI trend indicator values)","MS.MIL.XPRT.KD","3000000","0","9000000","8000000","2000000","","13000000","12000000","35000000","21000000","56000000","","2000000","","","","4000000","","","","","217000000","","","99000000","","","","","","","","","","","","","","","","","","","","","","","","","","","","","","","","","","","","",
"United Arab Emirates","ARE","Arms exports (SIPRI trend indicator values)","MS.MIL.XPRT.KD","","","","","","","","","","","","","","","8000000","","","","","","","","","14000000","","","22000000","1000000","","","2000000","","","","","28000000","6000000","32000000","","","","","","","3000000","11000000","17000000","3000000","","34000000","39000000","3000000","69000000","106000000","73000000","131000000","92000000","97000000","113000000","104000000","",
"Argentina","ARG","Arms exports (SIPRI trend indicator values)","MS.MIL.XPRT.KD","","","6000000","","4000000","","","0","8000000","","0","","11000000","","","","1000000","","","8000000","1000000","24000000","3000000","1000000","","","","4000000","1000000","","6000000","0","","11000000","4000000","5000000","","","","","2000000","6000000","2000000","","","","2000000","","","","","1000000","","","","","","","","","",
"Armenia","ARM","Arms exports (SIPRI trend indicator values)","MS.MIL.XPRT.KD","","","","","","","","","","","","","","","","","","","","","","","","","","","","","","","","","","","","","","","","","","","","","","","4000000","","","","","","","","","","","","","","",
"American Samoa","ASM","Arms exports (SIPRI trend indicator values)","MS.MIL.XPRT.KD","","","","","","","","","","","","","","","","","","","","","","","","","","","","","","","","","","","","","","","","","","","","","","","","","","","","","","","","","","","","","",
"Antigua and Barbuda","ATG","Arms exports (SIPRI trend indicator values)","MS.MIL.XPRT.KD","","","","","","","","","","","","","","","","","","","","","","","","","","","","","","","","","","","","","","","","","","","","","","","","","","","","","","","","","","","","","",
"Australia","AUS","Arms exports (SIPRI trend indicator values)","MS.MIL.XPRT.KD","","2000000","4000000","","","","","","","26000000","17000000","36000000","6000000","72000000","92000000","131000000","113000000","62000000","21000000","22000000","15000000","15000000","24000000","31000000","62000000","10000000","57000000","89000000","18000000","18000000","158000000","85000000","","30000000","36000000","36000000","16000000","20000000","4000000","","","43000000","47000000","44000000","2000000","49000000","14000000","18000000","26000000","80000000","115000000","143000000","45000000","54000000","97000000","87000000","134000000","98000000","38000000","148000000","",
"Austria","AUT","Arms exports (SIPRI trend indicator values)","MS.MIL.XPRT.KD","","","","","0","0","1000000","1000000","1000000","1000000","1000000","1000000","1000000","1000000","0","0","","","37000000","126000000","54000000","70000000","60000000","56000000","58000000","248000000","40000000","30000000","12000000","12000000","30000000","20000000","20000000","10000000","17000000","","18000000","1000000","29000000","23000000","24000000","17000000","83000000","3000000","3000000","4000000","63000000","100000000","15000000","44000000","49000000","53000000","25000000","29000000","15000000","10000000","16000000","22000000","6000000","3000000","",
"Azerbaijan","AZE","Arms exports (SIPRI trend indicator values)","MS.MIL.XPRT.KD","","","","","","","","","","","","","","","","","","","","","","","","","","","","","","","","","","","","","","","","","","","","","","","","","","","","","","","","","","","","","",
"Burundi","BDI","Arms exports (SIPRI trend indicator values)","MS.MIL.XPRT.KD","","","","","","","","","","","","","","","","","","","","","","","","","","","","","","","","","","","","","","","","","","","","","","","","","","","","","","","","","","","","","",
"Belgium","BEL","Arms exports (SIPRI trend indicator values)","MS.MIL.XPRT.KD","3000000","0","2000000","0","1000000","","12000000","","","5000000","","0","","","","","","","2000000","3000000","1000000","19000000","41000000","89000000","115000000","3000000","19000000","","18000000","36000000","1000000","1000000","","","33000000","167000000","59000000","93000000","46000000","45000000","26000000","37000000","35000000","15000000","47000000","159000000","59000000","19000000","217000000","243000000","9000000","116000000","22000000","55000000","10000000","12000000","7000000","12000000","16000000","42000000","",
"Benin","BEN","Arms exports (SIPRI trend indicator values)","MS.MIL.XPRT.KD","","","","","","","","","","","","","","","","","","","","","","","","","","","","","","","","","","","","","","","","","","","","","","","","","","","","","","","","","","","","","",
"Burkina Faso","BFA","Arms exports (SIPRI trend indicator values)","MS.MIL.XPRT.KD","","","","","","","","","","","","","","","","","","","","","","","","","","","","","","","","","","","","","","","","","","","","","","","","","","","","","","","","","","","","","",
"Bangladesh","BGD","Arms exports (SIPRI trend indicator values)","MS.MIL.XPRT.KD","","","","","","","","","","","","","","","","","","","","","","","","","2000000","","","","","","","","","","","","","","","","","","","","","","","","","","","","","","","","","","","","",
"Bulgaria","BGR","Arms exports (SIPRI trend indicator values)","MS.MIL.XPRT.KD","","","","","","","","","","","","","","","","","","","","","","","","4000000","","","106000000","","","5000000","6000000","42000000","16000000","28000000","55000000","1000000","21000000","6000000","39000000","167000000","2000000","10000000","37000000","44000000","19000000","86000000","5000000","9000000","4000000","16000000","4000000","2000000","13000000","21000000","14000000","70000000","61000000","30000000","14000000","","",
"Bahrain","BHR","Arms exports (SIPRI trend indicator values)","MS.MIL.XPRT.KD","","","","","","","","","","","","","","","","","","","","","","","","","","","","","","","","","","","","","","","","","","2000000","","","","","","","","","","","","","","","","","","","",
"Bahamas, The","BHS","Arms exports (SIPRI trend indicator values)","MS.MIL.XPRT.KD","","","","","","","","","","","","","","","","","","","","","","","","","","","","","","","","","","","","","","","","","","","","","","","","","","","","","","","","0","","","","","",
"Bosnia and Herzegovina","BIH","Arms exports (SIPRI trend indicator values)","MS.MIL.XPRT.KD","","","","","","","","","","","","","","","","","","","","","","","","","","","","","","","","","","","","","","","","","","","4000000","","","","","","","","","14000000","","3000000","","","","","","","",
"Belarus","BLR","Arms exports (SIPRI trend indicator values)","MS.MIL.XPRT.KD","","","","","","","","","","","","","","","","","","","","","","","","","","","","","","","","","","8000000","","7000000","129000000","341000000","63000000","452000000","293000000","49000000","63000000","57000000","19000000","53000000","43000000","6000000","224000000","41000000","159000000","96000000","65000000","268000000","68000000","142000000","152000000","50000000","45000000","115000000","",
"Belize","BLZ","Arms exports (SIPRI trend indicator values)","MS.MIL.XPRT.KD","","","","","","","","","","","","","","","","","","","","","","","","","","","","","","","","","","","","","","","","","","","","","","","","","","","","","","","","","","","","","",
"Bermuda","BMU","Arms exports (SIPRI trend indicator values)","MS.MIL.XPRT.KD","","","","","","","","","","","","","","","","","","","","","","","","","","","","","","","","","","","","","","","","","","","","","","","","","","","","","","","","","","","","","",
"Bolivia","BOL","Arms exports (SIPRI trend indicator values)","MS.MIL.XPRT.KD","","","","","","","","","","","","","","","","","","","","","","","","","","","","","","","","","","","","","","","","","","","","","","","","","","","","","","","","","","","","","",
"Brazil","BRA","Arms exports (SIPRI trend indicator values)","MS.MIL.XPRT.KD","2000000","12000000","","","","","","","","3000000","","0","","","32000000","59000000","104000000","145000000","179000000","70000000","156000000","62000000","122000000","196000000","267000000","197000000","126000000","191000000","183000000","47000000","96000000","114000000","90000000","36000000","54000000","33000000","23000000","23000000","16000000","","","","19000000","","46000000","1000000","44000000","53000000","92000000","43000000","143000000","31000000","33000000","31000000","42000000","41000000","111000000","37000000","100000000","10000000","",
"Barbados","BRB","Arms exports (SIPRI trend indicator values)","MS.MIL.XPRT.KD","","","","","","","","","","","","","","","","","","","","","","","","","","","","","","","","","","","","","","","","","","","","","","","","","","","","","","","","","","","","","",
"Brunei Darussalam","BRN","Arms exports (SIPRI trend indicator values)","MS.MIL.XPRT.KD","","","","","","","","","","","","","","","","","","","","","","","","","","","","","","","","","","","","","","","","","","","","","","","","","","","","24000000","","","","","12000000","","","","",
"Bhutan","BTN","Arms exports (SIPRI trend indicator values)","MS.MIL.XPRT.KD","","","","","","","","","","","","","","","","","","","","","","","","","","","","","","","","","","","","","","","","","","","","","","","","","","","","","","","","","","","","","",
"Botswana","BWA","Arms exports (SIPRI trend indicator values)","MS.MIL.XPRT.KD","","","","","","","","","","","","","","","","","","","","","","","","","","","","","","","","","","","","","","","","","","","","","","","","","","","","","","","","","","","","","",
"Central African Republic","CAF","Arms exports (SIPRI trend indicator values)","MS.MIL.XPRT.KD","","","","","","","","","","","","","","","","","","","","","","","","","","","","","","","","","","","","","","","","","","","","","","","","","","","","","","","","","","","","","",
"Canada","CAN","Arms exports (SIPRI trend indicator values)","MS.MIL.XPRT.KD","52000000","314000000","188000000","214000000","253000000","111000000","102000000","53000000","197000000","166000000","196000000","293000000","327000000","130000000","121000000","148000000","329000000","169000000","190000000","195000000","161000000","130000000","259000000","120000000","108000000","100000000","261000000","279000000","153000000","49000000","101000000","121000000","143000000","146000000","167000000","263000000","160000000","95000000","40000000","79000000","74000000","129000000","183000000","288000000","286000000","242000000","244000000","342000000","247000000","192000000","250000000","330000000","277000000","191000000","203000000","346000000","120000000","72000000","111000000","188000000","",
"Central Europe and the Baltics","CEB","Arms exports (SIPRI trend indicator values)","MS.MIL.XPRT.KD","5000000","5000000","12000000","111000000","237000000","234000000","337000000","327000000","325000000","351000000","268000000","280000000","289000000","211000000","241000000","","","","344000000","273000000","259000000","406000000","306000000","224000000","","","399000000","","","50000000","118000000","102000000","","","580000000","431000000","264000000","141000000","","","172000000","","222000000","","","259000000","346000000","267000000","","","","","157000000","353000000","","","","","","","",
"Switzerland","CHE","Arms exports (SIPRI trend indicator values)","MS.MIL.XPRT.KD","442000000","500000000","530000000","337000000","379000000","484000000","367000000","261000000","91000000","104000000","18000000","42000000","34000000","54000000","89000000","395000000","480000000","260000000","196000000","446000000","482000000","513000000","398000000","314000000","512000000","344000000","337000000","303000000","352000000","311000000","454000000","482000000","446000000","234000000","173000000","139000000","186000000","118000000","211000000","280000000","182000000","209000000","166000000","185000000","255000000","253000000","296000000","302000000","459000000","229000000","251000000","327000000","230000000","175000000","330000000","471000000","212000000","173000000","237000000","254000000","",
"Channel Islands","CHI","Arms exports (SIPRI trend indicator values)","MS.MIL.XPRT.KD","","","","","","","","","","","","","","","","","","","","","","","","","","","","","","","","","","","","","","","","","","","","","","","","","","","","","","","","","","","","","",
"Chile","CHL","Arms exports (SIPRI trend indicator values)","MS.MIL.XPRT.KD","","","","","","","","","","","","","","","","0","","","0","","0","0","","1000000","","","3000000","3000000","4000000","4000000","","3000000","8000000","","","","29000000","","2000000","1000000","1000000","","1000000","","","","","","100000000","","","","","","20000000","","","","0","","",
"China","CHN","Arms exports (SIPRI trend indicator values)","MS.MIL.XPRT.KD","285000000","35000000","51000000","11000000","67000000","386000000","619000000","410000000","730000000","657000000","893000000","1292000000","1238000000","674000000","511000000","668000000","586000000","224000000","617000000","560000000","949000000","642000000","1504000000","1770000000","1929000000","1263000000","1861000000","2605000000","1411000000","1041000000","941000000","1312000000","700000000","1436000000","1105000000","1010000000","768000000","429000000","353000000","332000000","299000000","515000000","525000000","700000000","413000000","286000000","668000000","510000000","652000000","1140000000","1478000000","1277000000","1540000000","2080000000","1226000000","1799000000","2372000000","1346000000","1140000000","1423000000","",
"Cote d'Ivoire","CIV","Arms exports (SIPRI trend indicator values)","MS.MIL.XPRT.KD","","","","","","","","","","","","1000000","","","","","","","","","","","","","","","","","","","","","","","","","","","","","","","","","","","","","","","","","","","","","","","1000000","","",
"Cameroon","CMR","Arms exports (SIPRI trend indicator values)","MS.MIL.XPRT.KD","","","","","","","","","","","","","","","","","","","","","","","","","","","","","","","","","","","","","","","","","","","","","","","","","","","","","","","","","","","","","",
"Congo, Dem. Rep.","COD","Arms exports (SIPRI trend indicator values)","MS.MIL.XPRT.KD","","","","","","","","","","","","","","","","","","","","1000000","","","","","","","","","","","","","","","","","","22000000","","","","","","","","","","","","","","","","","","","","","","","",
"Congo, Rep.","COG","Arms exports (SIPRI trend indicator values)","MS.MIL.XPRT.KD","","","","","","","","","","","","","","","","","","","","","","","","","","","","","","","","","","","","","","","","","","","","","","","","","","","","","","","","","","","","","",
"Colombia","COL","Arms exports (SIPRI trend indicator values)","MS.MIL.XPRT.KD","","","","","","","","","","","","","","","","","","","","","","","","","","","","","","","","","","","","","","","","","","","5000000","","","","","","","","","","0","","","","","10000000","","10000000","",
"Comoros","COM","Arms exports (SIPRI trend indicator values)","MS.MIL.XPRT.KD","","","","","","","","","","","","","","","","","","","","","","","","","","","","","","","","","","","","","","","","","","","","","","","","","","","","","","","","","","","","","",
"Cabo Verde","CPV","Arms exports (SIPRI trend indicator values)","MS.MIL.XPRT.KD","","","","","","","","","","","","","","","","","","","","","","","","","","","","","","","","","","","","","","","","","","","","","","","","","","","","","","","","","","","","","",
"Costa Rica","CRI","Arms exports (SIPRI trend indicator values)","MS.MIL.XPRT.KD","","","","","","","","","","","","","","","","","","","","","","","","","","","","","","","","","","","","","","","","","","","","","","","","","0","","","","","","","","","","","","",
"Caribbean small states","CSS","Arms exports (SIPRI trend indicator values)","MS.MIL.XPRT.KD","","","","","","","","","","","","","","","","","","","","","","","","","","","","","","","","","","","","","","","","","","","","","","","","","","","","","","","","","","","","","",
"Cuba","CUB","Arms exports (SIPRI trend indicator values)","MS.MIL.XPRT.KD","","","","","","","","","","","","","","","","1000000","","","12000000","10000000","8000000","","","","","","","","","","","","","","","","","","","","","","","","","","","","","","","","","","","","","","","","",
"Curacao","CUW","Arms exports (SIPRI trend indicator values)","MS.MIL.XPRT.KD","","","","","","","","","","","","","","","","","","","","","","","","","","","","","","","","","","","","","","","","","","","","","","","","","","","","","","","","","","","","","",
"Cayman Islands","CYM","Arms exports (SIPRI trend indicator values)","MS.MIL.XPRT.KD","","","","","","","","","","","","","","","","","","","","","","","","","","","","","","","","","","","","","","","","","","","","","","","","","","","","","","","","","","","","","",
"Cyprus","CYP","Arms exports (SIPRI trend indicator values)","MS.MIL.XPRT.KD","","","","","","","","","","","","","","","","","","","","","","","","","","","","","","","","","","","","","36000000","","","","","","","","","","","","","","","","","","","","","","","","",
"Czech Republic","CZE","Arms exports (SIPRI trend indicator values)","MS.MIL.XPRT.KD","","","","","","","","","","","","","","","","","","","","","","","","","","","","","","","","","","202000000","319000000","143000000","126000000","24000000","21000000","57000000","81000000","88000000","60000000","64000000","1000000","70000000","44000000","32000000","32000000","23000000","4000000","10000000","8000000","40000000","26000000","150000000","148000000","88000000","88000000","13000000","",
"Germany","DEU","Arms exports (SIPRI trend indicator values)","MS.MIL.XPRT.KD","156000000","12000000","146000000","133000000","438000000","332000000","713000000","775000000","574000000","739000000","1434000000","1364000000","1377000000","226000000","1208000000","1446000000","1662000000","1895000000","1671000000","1464000000","1591000000","1896000000","1525000000","2246000000","2799000000","1283000000","1373000000","924000000","1398000000","1285000000","1856000000","2395000000","1490000000","1489000000","2843000000","1509000000","1950000000","939000000","1808000000","1858000000","1612000000","896000000","906000000","1652000000","1111000000","2071000000","2758000000","3292000000","2362000000","2461000000","2664000000","1317000000","747000000","779000000","1788000000","1766000000","2514000000","1982000000","1071000000","1185000000","",
"Djibouti","DJI","Arms exports (SIPRI trend indicator values)","MS.MIL.XPRT.KD","","","","","","","","","","","","","","","","","","","","","","","","","","","","","","","","","","","","","","","","","","","","","","","","","","","","","","","","","","","","","",
"Dominica","DMA","Arms exports (SIPRI trend indicator values)","MS.MIL.XPRT.KD","","","","","","","","","","","","","","","","","","","","","","","","","","","","","","","","","","","","","","","","","","","","","","","","","","","","","","","","","","","","","",
"Denmark","DNK","Arms exports (SIPRI trend indicator values)","MS.MIL.XPRT.KD","20000000","","","","60000000","20000000","","131000000","28000000","3000000","","","","","","23000000","","","","","18000000","29000000","64000000","115000000","","","","117000000","40000000","","72000000","10000000","","183000000","272000000","16000000","","","1000000","6000000","20000000","1000000","10000000","5000000","","","9000000","6000000","17000000","14000000","8000000","30000000","33000000","9000000","17000000","25000000","25000000","21000000","28000000","4000000","",
"Dominican Republic","DOM","Arms exports (SIPRI trend indicator values)","MS.MIL.XPRT.KD","","","","","","","","","","","","","","","","","","","","","","","","","","","","","","","","","","","","","","","","","","","","","","","","","","","","","","","","","","4000000","","","",
"Algeria","DZA","Arms exports (SIPRI trend indicator values)","MS.MIL.XPRT.KD","","","","","","","","","6000000","","","","","","","","","","","","6000000","","","","","","","","","","","","","","","","","","","","","","","","","","","","","","","","","","","","0","","","","",
"East Asia & Pacific (excluding high income)","EAP","Arms exports (SIPRI trend indicator values)","MS.MIL.XPRT.KD","285000000","35000000","51000000","18000000","67000000","386000000","619000000","410000000","730000000","657000000","905000000","","","","","","","","","","","","","","","","","","","","","","","","","1076000000","","","","447000000","","","","841000000","492000000","314000000","803000000","534000000","673000000","1166000000","1483000000","1285000000","1540000000","2095000000","1242000000","1799000000","2460000000","1442000000","1155000000","1431000000","",
"Early-demographic dividend","EAR","Arms exports (SIPRI trend indicator values)","MS.MIL.XPRT.KD","27000000","33000000","","","","","","58000000","","70000000","","","164000000","","","","","","","","","","","","","","","","","","","","","","","","","","","","","","","","","","","","","","","","","","","","","","","973000000","",
"East Asia & Pacific","EAS","Arms exports (SIPRI trend indicator values)","MS.MIL.XPRT.KD","286000000","98000000","155000000","26000000","81000000","","","423000000","","","","","","","","","","","","791000000","","","","","","","","","","1309000000","1255000000","","","","","","1047000000","608000000","","","","","","","","","","","","","","","","","","","","2299000000","","","",
"Europe & Central Asia (excluding high income)","ECA","Arms exports (SIPRI trend indicator values)","MS.MIL.XPRT.KD","","","","","","","","","","","","","","","","","","","","","","","","","","","","","","","","","","","1802000000","4139000000","4012000000","4477000000","2859000000","5887000000","5181000000","5931000000","6315000000","5975000000","6700000000","5704000000","5927000000","6411000000","7072000000","5849000000","7253000000","9722000000","9994000000","9119000000","6406000000","6866000000","7874000000","6587000000","7052000000","5169000000","",
"Europe & Central Asia","ECS","Arms exports (SIPRI trend indicator values)","MS.MIL.XPRT.KD","3992000000","3066000000","3216000000","3503000000","4518000000","4251000000","4977000000","5485000000","4826000000","4988000000","4919000000","7475000000","7400000000","6698000000","6703000000","8015000000","8015000000","8439000000","8927000000","8887000000","10101000000","12222000000","11610000000","11217000000","11397000000","9705000000","8260000000","8593000000","8491000000","9199000000","7261000000","6984000000","8180000000","9366000000","9396000000","9988000000","11377000000","13274000000","11161000000","12877000000","10844000000","11569000000","11238000000","11611000000","12644000000","13307000000","15255000000","16813000000","15457000000","14556000000","14368000000","18178000000","16065000000","16205000000","14879000000","15194000000","16394000000","15524000000","13343000000","13112000000","",
"Ecuador","ECU","Arms exports (SIPRI trend indicator values)","MS.MIL.XPRT.KD","","","","","","","","","","","","","","","","","","","","","","","","","","","","","","","","","","","","","","","","","","","","","","","","","","","","","","","6000000","","","","2000000","","",
"Egypt, Arab Rep.","EGY","Arms exports (SIPRI trend indicator values)","MS.MIL.XPRT.KD","","0","7000000","8000000","2000000","","13000000","3000000","26000000","15000000","39000000","","","","","16000000","","69000000","80000000","13000000","29000000","77000000","81000000","71000000","37000000","5000000","19000000","61000000","65000000","63000000","20000000","","13000000","22000000","15000000","9000000","5000000","5000000","","","","","","","","","","","","","","","","","7000000","22000000","","","","2000000","",
"Euro area","EMU","Arms exports (SIPRI trend indicator values)","MS.MIL.XPRT.KD","1302000000","1342000000","1489000000","1690000000","2348000000","1945000000","2801000000","2595000000","2640000000","2680000000","3484000000","4401000000","4444000000","3657000000","3961000000","4744000000","4557000000","5548000000","6039000000","6243000000","7301000000","8422000000","8078000000","7853000000","7846000000","6760000000","5213000000","4032000000","4713000000","4760000000","4435000000","4542000000","3464000000","3573000000","4956000000","3669000000","4990000000","6094000000","6315000000","4805000000","3333000000","2935000000","3242000000","3907000000","4075000000","5577000000","7285000000","8473000000","6246000000","6720000000","4848000000","6181000000","4089000000","4400000000","5925000000","6118000000","6371000000","7177000000","5001000000","6462000000","",
"Eritrea","ERI","Arms exports (SIPRI trend indicator values)","MS.MIL.XPRT.KD","","","","","","","","","","","","","","","","","","","","","","","","","","","","","","","","","","","","","","","2000000","0","","","","","","","0","","","","","","","","","","","","","","",
"Spain","ESP","Arms exports (SIPRI trend indicator values)","MS.MIL.XPRT.KD","1000000","5000000","6000000","6000000","7000000","21000000","21000000","7000000","7000000","6000000","70000000","140000000","4000000","4000000","84000000","267000000","46000000","25000000","38000000","18000000","10000000","130000000","251000000","352000000","242000000","85000000","177000000","148000000","141000000","174000000","108000000","100000000","65000000","98000000","237000000","82000000","105000000","625000000","162000000","43000000","46000000","8000000","16000000","95000000","52000000","108000000","840000000","601000000","602000000","951000000","263000000","1429000000","546000000","728000000","1050000000","1163000000","471000000","820000000","1025000000","1061000000","",
"Estonia","EST","Arms exports (SIPRI trend indicator values)","MS.MIL.XPRT.KD","","","","","","","","","","","","","","","","","","","","","","","","","","","","","","","","","","","","","8000000","","","","","","","","","","","","","","","","","","","0","","","","","",
"Ethiopia","ETH","Arms exports (SIPRI trend indicator values)","MS.MIL.XPRT.KD","","","","","","","","","","","","","","","","","","","","","","","","","","35000000","","51000000","","","","","","","","","","17000000","","","","","","","","","","","","","","","","","","","","","","","",
"European Union","EUU","Arms exports (SIPRI trend indicator values)","MS.MIL.XPRT.KD","1365000000","1392000000","1545000000","1814000000","2667000000","2231000000","3194000000","3108000000","3053000000","3070000000","4014000000","5231000000","4871000000","3883000000","4277000000","5196000000","5033000000","5983000000","6437000000","6779000000","7736000000","8987000000","8573000000","8309000000","8333000000","7198000000","5929000000","4639000000","5552000000","5213000000","4856000000","4810000000","3699000000","4126000000","5873000000","4215000000","5534000000","6282000000","6715000000","5504000000","3847000000","4010000000","3602000000","4640000000","4436000000","6370000000","8023000000","9060000000","6825000000","7259000000","5552000000","6925000000","4753000000","5149000000","6342000000","6541000000","6871000000","7416000000","5311000000","6685000000","",
"Fragile and conflict affected situations","FCS","Arms exports (SIPRI trend indicator values)","MS.MIL.XPRT.KD","3000000","","","","3000000","","","2000000","","17000000","","","","","","47000000","","","","","","","","","","","","","","","","","","","","","","","","","","","","","","","","","","","","","","","","","","","","","",
"Finland","FIN","Arms exports (SIPRI trend indicator values)","MS.MIL.XPRT.KD","60000000","1000000","1000000","","","1000000","86000000","33000000","33000000","33000000","2000000","39000000","30000000","","63000000","63000000","","","63000000","63000000","","","20000000","","","","","","1000000","","","22000000","11000000","17000000","26000000","26000000","9000000","10000000","34000000","28000000","12000000","33000000","34000000","40000000","34000000","52000000","138000000","77000000","79000000","52000000","61000000","41000000","104000000","77000000","93000000","20000000","43000000","25000000","42000000","24000000","",
"Fiji","FJI","Arms exports (SIPRI trend indicator values)","MS.MIL.XPRT.KD","","","","","","","","","","","","","","","","","","","","","","","","","10000000","","","","","","","","","","","","","","","","","","","","","","","","","","","","","","","","","","","","",
"France","FRA","Arms exports (SIPRI trend indicator values)","MS.MIL.XPRT.KD","942000000","971000000","974000000","1232000000","1417000000","1196000000","1646000000","1533000000","1483000000","1460000000","1692000000","2298000000","2603000000","2875000000","2096000000","2190000000","2006000000","2677000000","3297000000","3009000000","3847000000","3786000000","3828000000","3461000000","3008000000","4037000000","3023000000","1800000000","1994000000","2289000000","1818000000","1200000000","1250000000","979000000","901000000","1018000000","1937000000","3272000000","3167000000","1817000000","1082000000","1416000000","1433000000","1400000000","2283000000","1817000000","1666000000","2369000000","1968000000","1888000000","866000000","1731000000","1010000000","1468000000","1627000000","1995000000","2041000000","2367000000","1773000000","3368000000","",
"Faroe Islands","FRO","Arms exports (SIPRI trend indicator values)","MS.MIL.XPRT.KD","","","","","","","","","","","","","","","","","","","","","","","","","","","","","","","","","","","","","","","","","","","","","","","","","","","","","","","","","","","","","",
"Micronesia, Fed. Sts.","FSM","Arms exports (SIPRI trend indicator values)","MS.MIL.XPRT.KD","","","","","","","","","","","","","","","","","","","","","","","","","","","","","","","","","","","","","","","","","","","","","","","","","","","","","","","","","","","","","",
"Gabon","GAB","Arms exports (SIPRI trend indicator values)","MS.MIL.XPRT.KD","","","","","","","","","","","","","","1000000","","","","","","","","","","","","","","","","","","","","","","","","","","","","","","","","","","","","","","","","","","","","","","","",
"United Kingdom","GBR","Arms exports (SIPRI trend indicator values)","MS.MIL.XPRT.KD","2147000000","1174000000","1116000000","1297000000","1405000000","1471000000","1336000000","1976000000","1617000000","1761000000","887000000","2194000000","2464000000","2751000000","2337000000","2416000000","2494000000","2188000000","2201000000","1501000000","1702000000","2433000000","2571000000","2559000000","2552000000","2121000000","1965000000","3597000000","2553000000","3548000000","1866000000","1522000000","1179000000","1421000000","1539000000","1475000000","1662000000","2384000000","1412000000","1368000000","1633000000","1387000000","1100000000","754000000","1216000000","1060000000","997000000","984000000","987000000","1080000000","1157000000","1055000000","929000000","1608000000","1651000000","1179000000","1376000000","1225000000","699000000","972000000","",
"Georgia","GEO","Arms exports (SIPRI trend indicator values)","MS.MIL.XPRT.KD","","","","","","","","","","","","","","","","","","","","","","","","","","","","","","","","","","","","","","","","46000000","69000000","","69000000","","16000000","","","","","","","","","","","","6000000","7000000","","","",
"Ghana","GHA","Arms exports (SIPRI trend indicator values)","MS.MIL.XPRT.KD","","","","","","","","","","","","","","","","","","","","6000000","","","","","","","","","","","","","","","","","","","","","","","","","","19000000","","","","","","","","","","","","","","","",
"Gibraltar","GIB","Arms exports (SIPRI trend indicator values)","MS.MIL.XPRT.KD","","","","","","","","","","","","","","","","","","","","","","","","","","","","","","","","","","","","","","","","","","","","","","","","","","","","","","","","","","","","","",
"Guinea","GIN","Arms exports (SIPRI trend indicator values)","MS.MIL.XPRT.KD","","","","","","","","","","","","","","","","","","","","","","","","","","","","","","","","","","","","","","","","","","","","","","","","","","","","","","","","","","","","","",
"Gambia, The","GMB","Arms exports (SIPRI trend indicator values)","MS.MIL.XPRT.KD","","","","","","","","","","","","","","","","","","","","","","","","","","","","","","","","","","","","","","","","","","","","","","","","","","","","","","","","","","","","","",
"Guinea-Bissau","GNB","Arms exports (SIPRI trend indicator values)","MS.MIL.XPRT.KD","","","","","","","","","","","","","","","","","","","","","","","","","","","","","","","","","","","","","","","","","","","","","","","","","","","","","","","","","","","","","",
"Equatorial Guinea","GNQ","Arms exports (SIPRI trend indicator values)","MS.MIL.XPRT.KD","","","","","","","","","","","","","","","","","","","","","","","","","","","","","","","","","","","","","","","","","","","","","","","","","","","","","","","","","","","","","",
"Greece","GRC","Arms exports (SIPRI trend indicator values)","MS.MIL.XPRT.KD","","","","","7000000","1000000","","","","","","","","","","","","","","","","","","","","","","","","","","","15000000","10000000","18000000","","19000000","31000000","9000000","3000000","2000000","2000000","","6000000","22000000","13000000","23000000","","","","","","","","","","","30000000","","","",
"Grenada","GRD","Arms exports (SIPRI trend indicator values)","MS.MIL.XPRT.KD","","","","","","","","","","","","","","","","","","","","","","","","","","","","","","","","","","","","","","","","","","","","","","","","","","","","","","","","","","","","","",
"Greenland","GRL","Arms exports (SIPRI trend indicator values)","MS.MIL.XPRT.KD","","","","","","","","","","","","","","","","","","","","","","","","","","","","","","","","","","","","","","","","","","","","","","","","","","","","","","","","","","","","","",
"Guatemala","GTM","Arms exports (SIPRI trend indicator values)","MS.MIL.XPRT.KD","","","","","","","","","","","","","","","","","","","","","","","","","","","","","","","","","","","","","","","","","","","","","","","","","","","","","","","","","","","","","",
"Guam","GUM","Arms exports (SIPRI trend indicator values)","MS.MIL.XPRT.KD","","","","","","","","","","","","","","","","","","","","","","","","","","","","","","","","","","","","","","","","","","","","","","","","","","","","","","","","","","","","","",
"Guyana","GUY","Arms exports (SIPRI trend indicator values)","MS.MIL.XPRT.KD","","","","","","","","","","","","","","","","","2000000","","","","","","","","","","","","","","","","","","","","","","","","","","","","","","","","","","","","","","","","","","","","",
"High income","HIC","Arms exports (SIPRI trend indicator values)","MS.MIL.XPRT.KD","10107000000","9847000000","9436000000","12742000000","17027000000","15523000000","13511000000","12827000000","13499000000","17008000000","14156000000","19562000000","18856000000","18982000000","19807000000","24103000000","24173000000","23277000000","23472000000","19206000000","21552000000","26365000000","26231000000","25786000000","23986000000","20926000000","20682000000","21435000000","20715000000","21015000000","18486000000","20014000000","20109000000","20499000000","19821000000","17747000000","18975000000","23826000000","24460000000","18822000000","13742000000","12126000000","10685000000","12132000000","13836000000","15294000000","17708000000","19470000000","16037000000","16898000000","16412000000","18902000000","16362000000","15713000000","19032000000","19737000000","20657000000","23215000000","18700000000","20206000000","",
"Hong Kong SAR, China","HKG","Arms exports (SIPRI trend indicator values)","MS.MIL.XPRT.KD","","","","","","","","","","","","","","","","","","","","","","","","","","","","","","","","","","","","","","","","","","","","","","","","","","","","","","","","","","","","","",
"Honduras","HND","Arms exports (SIPRI trend indicator values)","MS.MIL.XPRT.KD","","","","","","","","","","","","","","","","","","","","","","","","","","","","","","","","","","","","","","","","","","","","","","","","","","","","","","","","","","","","","",
"Heavily indebted poor countries (HIPC)","HPC","Arms exports (SIPRI trend indicator values)","MS.MIL.XPRT.KD","","","","","","","","1000000","0","","","","","","","","","","","","","","","","","","","","","","","","","","","","","","","","","","","","","","","","","","","","","","","","","","","","",
"Croatia","HRV","Arms exports (SIPRI trend indicator values)","MS.MIL.XPRT.KD","","","","","","","","","","","","","","","","","","","","","","","","","","","","","","","","","","","","","","","","","2000000","","","","","","","","","","","","","","","","","3000000","","","",
"Haiti","HTI","Arms exports (SIPRI trend indicator values)","MS.MIL.XPRT.KD","","","","","","","","","","","","","","","","","","","","","","","","","","","","","","","","","","","","","","","","","","","","","","","","","","","","","","","","","","","","","",
"Hungary","HUN","Arms exports (SIPRI trend indicator values)","MS.MIL.XPRT.KD","","","","","","","18000000","18000000","37000000","28000000","","","8000000","44000000","8000000","8000000","","","","","4000000","30000000","4000000","4000000","","","","","","","","","","21000000","","6000000","","24000000","","","","","34000000","","","82000000","","9000000","","","","","","41000000","","","","","","","",
"IBRD only","IBD","Arms exports (SIPRI trend indicator values)","MS.MIL.XPRT.KD","328000000","85000000","","","","","","755000000","","1035000000","","","","","","","","","","","","","","","","","","","","","","","","","","5369000000","","","","","","","","","7373000000","","7348000000","","8209000000","7175000000","","10998000000","","11649000000","8008000000","","10518000000","8326000000","8439000000","6970000000","",
"IDA & IBRD total","IBT","Arms exports (SIPRI trend indicator values)","MS.MIL.XPRT.KD","328000000","85000000","","","","","","762000000","","1035000000","","","","","","","","","","","","","","","","","","","","","","","","","","","","","","","","","","","","","7373000000","","","","","","","","8008000000","","10596000000","8334000000","","6971000000","",
"IDA total","IDA","Arms exports (SIPRI trend indicator values)","MS.MIL.XPRT.KD","","","","","3000000","","","7000000","0","","17000000","","","","","","","","","","","","","","","","","","","","","","","","","","","","","","","","","","","","","","","","","","","","","","","","","","",
"IDA blend","IDB","Arms exports (SIPRI trend indicator values)","MS.MIL.XPRT.KD","","","","","3000000","","","6000000","","","","3000000","","","","","","","","","","","","","","","","","","","","","","","","","","","","","","","","","","","","","","","","","","","","","","","","","",
"Indonesia","IDN","Arms exports (SIPRI trend indicator values)","MS.MIL.XPRT.KD","","","","7000000","","","","","","","12000000","","","","","","","","9000000","","4000000","","","","","8000000","4000000","","","","","","","16000000","16000000","25000000","","8000000","","49000000","","16000000","49000000","","25000000","8000000","8000000","","1000000","","","8000000","","","","","86000000","94000000","15000000","8000000","",
"IDA only","IDX","Arms exports (SIPRI trend indicator values)","MS.MIL.XPRT.KD","","","","","","","","1000000","0","","17000000","","","","","","","","","","","","","","","","","","","","","","","","","","","","","","","","","","","","","","","","","","","","","","","","","","",
"Isle of Man","IMN","Arms exports (SIPRI trend indicator values)","MS.MIL.XPRT.KD","","","","","","","","","","","","","","","","","","","","","","","","","","","","","","","","","","","","","","","","","","","","","","","","","","","","","","","","","","","","","",
"India","IND","Arms exports (SIPRI trend indicator values)","MS.MIL.XPRT.KD","","","","","","","","","1000000","","","7000000","2000000","21000000","24000000","31000000","","","27000000","22000000","","","2000000","","","","","0","1000000","0","3000000","0","3000000","9000000","2000000","2000000","0","0","0","0","21000000","2000000","0","4000000","27000000","19000000","33000000","23000000","15000000","27000000","5000000","3000000","","14000000","36000000","42000000","45000000","56000000","43000000","115000000","",
"Not classified","INX","Arms exports (SIPRI trend indicator values)","MS.MIL.XPRT.KD","","","","","","","","","","","","","","","","","","","","","","","","","","","","","","","","","","","","","","","","","","","","","","","","","","","","","","","","","","","","","",
"Ireland","IRL","Arms exports (SIPRI trend indicator values)","MS.MIL.XPRT.KD","","","","","","","","","","","","","","","","","","","2000000","9000000","9000000","2000000","","","","","","","","","","","","","","","","","","","","","","","","16000000","32000000","31000000","28000000","28000000","26000000","1000000","26000000","27000000","14000000","","","","","","",
"Iran, Islamic Rep.","IRN","Arms exports (SIPRI trend indicator values)","MS.MIL.XPRT.KD","","","3000000","","","","","28000000","","","23000000","6000000","106000000","6000000","129000000","81000000","","","","","0","0","0","0","1000000","1000000","1000000","1000000","1000000","1000000","0","1000000","1000000","1000000","0","1000000","2000000","0","0","0","0","0","3000000","9000000","1000000","2000000","75000000","","43000000","45000000","45000000","86000000","21000000","12000000","47000000","15000000","5000000","20000000","","","",
"Iraq","IRQ","Arms exports (SIPRI trend indicator values)","MS.MIL.XPRT.KD","3000000","","","","","","","","","","","","","","","","","","","","28000000","","","","","","","","168000000","20000000","","","","","","","","","","","","","","","","","","","","","","","","","","","","","","","",
"Iceland","ISL","Arms exports (SIPRI trend indicator values)","MS.MIL.XPRT.KD","","","","","","","","","","","","","","","","","","","","","0","","","","","","","","","","","","","5000000","","","","","","","","","","","","","","","","","","","","","","","","","","","",
"Israel","ISR","Arms exports (SIPRI trend indicator values)","MS.MIL.XPRT.KD","","","","","5000000","10000000","14000000","13000000","23000000","24000000","13000000","21000000","31000000","13000000","45000000","109000000","54000000","202000000","212000000","190000000","270000000","219000000","256000000","418000000","281000000","208000000","352000000","137000000","75000000","211000000","85000000","151000000","324000000","382000000","296000000","166000000","286000000","247000000","229000000","169000000","404000000","474000000","579000000","409000000","609000000","510000000","406000000","554000000","373000000","744000000","637000000","538000000","455000000","420000000","393000000","720000000","1392000000","1195000000","655000000","369000000","",
"Italy","ITA","Arms exports (SIPRI trend indicator values)","MS.MIL.XPRT.KD","104000000","245000000","261000000","240000000","385000000","295000000","243000000","149000000","192000000","325000000","280000000","395000000","296000000","341000000","417000000","526000000","529000000","505000000","691000000","1303000000","1168000000","1715000000","1689000000","1183000000","1258000000","920000000","228000000","617000000","386000000","335000000","206000000","349000000","248000000","341000000","208000000","297000000","291000000","454000000","426000000","504000000","208000000","270000000","467000000","365000000","263000000","832000000","553000000","749000000","422000000","512000000","539000000","947000000","747000000","862000000","671000000","676000000","618000000","793000000","555000000","491000000","",
"Jamaica","JAM","Arms exports (SIPRI trend indicator values)","MS.MIL.XPRT.KD","","","","","","","","","","","","","","","","","","","","","","","","","","","","","","","","","","","","","","","","","","","","","","","","","","","","","","","","","","","","","",
"Jordan","JOR","Arms exports (SIPRI trend indicator values)","MS.MIL.XPRT.KD","","","","","","","","","","","","36000000","","22000000","23000000","50000000","","18000000","","","","","","76000000","","2000000","7000000","","7000000","64000000","","","","","65000000","","","6000000","","","","","","","42000000","20000000","","13000000","13000000","28000000","117000000","","21000000","25000000","114000000","16000000","17000000","80000000","1000000","86000000","",
"Japan","JPN","Arms exports (SIPRI trend indicator values)","MS.MIL.XPRT.KD","1000000","61000000","100000000","8000000","14000000","","5000000","","","34000000","","15000000","8000000","34000000","53000000","","","","9000000","11000000","167000000","","","17000000","17000000","44000000","99000000","","","15000000","30000000","68000000","126000000","153000000","162000000","158000000","188000000","32000000","","","","","","","","","","40000000","","","","","","","","","","2000000","3000000","","",
"Kazakhstan","KAZ","Arms exports (SIPRI trend indicator values)","MS.MIL.XPRT.KD","","","","","","","","","","","","","","","","","","","","","","","","","","","","","","","","","","","","13000000","12000000","3000000","6000000","183000000","19000000","12000000","","","5000000","","6000000","","","","","","","","","","","","","","",
"Kenya","KEN","Arms exports (SIPRI trend indicator values)","MS.MIL.XPRT.KD","","","","","","","","","","","","","","","","","","","","","","8000000","","","","","","","","","","2000000","","2000000","","","","","","","","","","","","","","","","","","","","","","","","","","","",
"Kyrgyz Republic","KGZ","Arms exports (SIPRI trend indicator values)","MS.MIL.XPRT.KD","","","","","","","","","","","","","","","","","","","","","","","","","","","","","","","","","","","","57000000","","","","","","","","92000000","","","18000000","18000000","14000000","","","","","","","4000000","5000000","5000000","","","",
"Cambodia","KHM","Arms exports (SIPRI trend indicator values)","MS.MIL.XPRT.KD","","","","","","","","","","","","","","","","","","","","","","","","","","","","","","","","","","0","0","0","","","","","1000000","","","","","","","","","","","","","","","","","","","","",
"Kiribati","KIR","Arms exports (SIPRI trend indicator values)","MS.MIL.XPRT.KD","","","","","","","","","","","","","","","","","","","","","","","","","","","","","","","","","","","","","","","","","","","","","","","","","","","","","","","","","","","","","",
"St. Kitts and Nevis","KNA","Arms exports (SIPRI trend indicator values)","MS.MIL.XPRT.KD","","","","","","","","","","","","","","","","","","","","","","","","","","","","","","","","","","","","","","","","","","","","","","","","","","","","","","","","","","","","","",
"Korea, Rep.","KOR","Arms exports (SIPRI trend indicator values)","MS.MIL.XPRT.KD","","","","","","","","","","","","","141000000","","","","","","","105000000","105000000","130000000","65000000","","126000000","33000000","78000000","","51000000","48000000","72000000","118000000","","60000000","7000000","28000000","24000000","21000000","32000000","","10000000","228000000","","96000000","73000000","108000000","158000000","279000000","109000000","224000000","197000000","345000000","218000000","347000000","163000000","101000000","479000000","751000000","1066000000","688000000","",
"Kuwait","KWT","Arms exports (SIPRI trend indicator values)","MS.MIL.XPRT.KD","","","","","","","","3000000","","","","","","","","","","","","","24000000","","","","4000000","","","","","","","","","","","","","","95000000","","","","","","","","","","","","","","","","","","","","","","",
"Latin America & Caribbean (excluding high income)","LAC","Arms exports (SIPRI trend indicator values)","MS.MIL.XPRT.KD","2000000","12000000","6000000","","4000000","","","0","","","","","","","","73000000","","","","","","","","","","","","","","","","","","","","","","","","","","","","","","","","","","","","","","","","","","","","21000000","",
"Lao PDR","LAO","Arms exports (SIPRI trend indicator values)","MS.MIL.XPRT.KD","","","","","","","","","","","","","","","","","","","","","","","","","","","","","","","","","","","","","","","","","","","","","","","","","","","","","","","","","","","","","",
"Lebanon","LBN","Arms exports (SIPRI trend indicator values)","MS.MIL.XPRT.KD","","","","","","","","1000000","","","","","","","","","","","","","","","","","","","","","","","","1000000","","","","","","","","","","","45000000","","","","","","","","","","","","","","","","","","",
"Liberia","LBR","Arms exports (SIPRI trend indicator values)","MS.MIL.XPRT.KD","","","","","","","","","","","","","","","","","","","","","","","","","","","","","","","","","","","","","","","","","","","","","","","","","","","","","","","","","","","","","",
"Libya","LBY","Arms exports (SIPRI trend indicator values)","MS.MIL.XPRT.KD","","","","","","","","","","","","","0","0","","26000000","4000000","","8000000","398000000","95000000","107000000","168000000","14000000","54000000","32000000","10000000","14000000","64000000","7000000","36000000","","","","3000000","","","3000000","10000000","","","","21000000","16000000","113000000","113000000","18000000","10000000","18000000","32000000","28000000","0","","","","","","","","","",
"St. Lucia","LCA","Arms exports (SIPRI trend indicator values)","MS.MIL.XPRT.KD","","","","","","","","","","","","","","","","","","","","","","","","","","","","","","","","","","","","","","","","","","","","","","","","","","","","","","","","","","","","","",
"Latin America & Caribbean","LCN","Arms exports (SIPRI trend indicator values)","MS.MIL.XPRT.KD","8000000","12000000","6000000","","4000000","","","","","","","","","","","73000000","","","","","","","","","","","","","","","","","","","","","","","","","","","","","","","","","","","","","","","","","","","","22000000","",
"Least developed countries: UN classification","LDC","Arms exports (SIPRI trend indicator values)","MS.MIL.XPRT.KD","","","","","","","","1000000","0","","","","","","","","","","","","","","","","","","","","","","","","","","","","","","","","","","","","","","","","","","","","","","","","","","","","",
"Low income","LIC","Arms exports (SIPRI trend indicator values)","MS.MIL.XPRT.KD","","","","","","","","1000000","0","","17000000","","","","","","","","","","","","","","","","","","","","","","","","","","","","","","","","","","","","","","","","","","","","","","","","","","",
"Liechtenstein","LIE","Arms exports (SIPRI trend indicator values)","MS.MIL.XPRT.KD","","","","","","","","","","","","","","","","","","","","","","","","","","","","","","","","","","","","","","","","","","","","","","","","","","","","","","","","","","","","","",
"Sri Lanka","LKA","Arms exports (SIPRI trend indicator values)","MS.MIL.XPRT.KD","","","","","","","","","","","","","","","","","","","","","","","","","","","","","","","","","","","","","","","8000000","","","","","","","","","","","","","","","","","","","","","","",
"Lower middle income","LMC","Arms exports (SIPRI trend indicator values)","MS.MIL.XPRT.KD","","0","9000000","8000000","5000000","","13000000","9000000","33000000","21000000","39000000","11000000","2000000","21000000","","","","","","","","","","","","","","","","","","","","","","","","","","","","","","","","","","","","","","","","","","","","","","","",
"Low & middle income","LMY","Arms exports (SIPRI trend indicator values)","MS.MIL.XPRT.KD","317000000","80000000","","","","","","453000000","","712000000","","","","","","","","","","","","","","","","","","","","","","","","","","","","","","","","","","","7508000000","","7103000000","","","","","","","","7965000000","","10591000000","8316000000","","6970000000","",
"Lesotho","LSO","Arms exports (SIPRI trend indicator values)","MS.MIL.XPRT.KD","","","","","","","","","","","","","","","","","","","","","","","","","","","","","","","","","","","","","","","","","","","","","","","","","","","","","","","","","","","","","",
"Late-demographic dividend","LTE","Arms exports (SIPRI trend indicator values)","MS.MIL.XPRT.KD","298000000","52000000","65000000","122000000","304000000","620000000","938000000","723000000","","","","1579000000","1519000000","841000000","","","","","","","","","","","","","","","","","","","","","","5355000000","","","","","","","","","6918000000","5603000000","6453000000","6520000000","7314000000","6435000000","8044000000","10089000000","10076000000","10507000000","6960000000","","9487000000","7565000000","7922000000","","",
"Lithuania","LTU","Arms exports (SIPRI trend indicator values)","MS.MIL.XPRT.KD","","","","","","","","","","","","","","","","","","","","","","","","","","","","","","","","","","","","","","","","","","","3000000","","","","","","","","","","","","","","","","60000000","","",
"Luxembourg","LUX","Arms exports (SIPRI trend indicator values)","MS.MIL.XPRT.KD","","","","","","","","","","","","","","","","","","","","","","","","","","","","","","","","","","","","","","","","","","","","","","","","0","","","","","","","","","","","","","",
"Latvia","LVA","Arms exports (SIPRI trend indicator values)","MS.MIL.XPRT.KD","","","","","","","","","","","","","","","","","","","","","","","","","","","","","","","","","","","9000000","","","","","","","","","","","","","","","","","","","","","","","","","","",
"Macao SAR, China","MAC","Arms exports (SIPRI trend indicator values)","MS.MIL.XPRT.KD","","","","","","","","","","","","","","","","","","","","","","","","","","","","","","","","","","","","","","","","","","","","","","","","","","","","","","","","","","","","","",
"St. Martin (French part)","MAF","Arms exports (SIPRI trend indicator values)","MS.MIL.XPRT.KD","","","","","","","","","","","","","","","","","","","","","","","","","","","","","","","","","","","","","","","","","","","","","","","","","","","","","","","","","","","","","",
"Morocco","MAR","Arms exports (SIPRI trend indicator values)","MS.MIL.XPRT.KD","","","2000000","","","","","","","6000000","","","","","","","","","6000000","","","","","","","","","","","","","","","","","","","","","","","","","","","","","","","","","","","","","","","","","","",
"Monaco","MCO","Arms exports (SIPRI trend indicator values)","MS.MIL.XPRT.KD","","","","","","","","","","","","","","","","","","","","","","","","","","","","","","","","","","","","","","","","","","","","","","","","","","","","","","","","","","","","","",
"Moldova","MDA","Arms exports (SIPRI trend indicator values)","MS.MIL.XPRT.KD","","","","","","","","","","","","","","","","","","","","","","","","","","","","","","","","","11000000","","36000000","","","217000000","","","6000000","42000000","60000000","13000000","","18000000","3000000","19000000","29000000","20000000","","11000000","","","","","","","","","",
"Madagascar","MDG","Arms exports (SIPRI trend indicator values)","MS.MIL.XPRT.KD","","","","","","","","","","","","","","","","","","","","","","","","","","","","","","","","","","","","","","","","","","","","","","","","","","","","","","","","","","","","","",
"Maldives","MDV","Arms exports (SIPRI trend indicator values)","MS.MIL.XPRT.KD","","","","","","","","","","","","","","","","","","","","","","","","","","","","","","","","","","","","","","","","","","","","","","","","","","","","","","","","","","","","","",
"Middle East & North Africa","MEA","Arms exports (SIPRI trend indicator values)","MS.MIL.XPRT.KD","","","12000000","8000000","7000000","10000000","27000000","52000000","58000000","45000000","92000000","","139000000","","","","","","","","","436000000","","","381000000","","","","","","","","","497000000","","","","","","","","","","","","","","","","","","","","","","","","","","","",
"Mexico","MEX","Arms exports (SIPRI trend indicator values)","MS.MIL.XPRT.KD","","","","","","","","","","","","","","","","","","","","","","","","","","","","","","","","","","","","","","","","","","","","","","","","","","","","","","","","","","","","1000000","",
"Marshall Islands","MHL","Arms exports (SIPRI trend indicator values)","MS.MIL.XPRT.KD","","","","","","","","","","","","","","","","","","","","","","","","","","","","","","","","","","","","","","","","","","","","","","","","","","","","","","","","","","","","","",
"Middle income","MIC","Arms exports (SIPRI trend indicator values)","MS.MIL.XPRT.KD","317000000","80000000","","","","","","452000000","","712000000","","","","","","","","","","","","","","","","","","","","","","","","","","","","","","","","","","","7461000000","","7080000000","","","","","","","","7964000000","","10587000000","8316000000","8421000000","6970000000","",
"North Macedonia","MKD","Arms exports (SIPRI trend indicator values)","MS.MIL.XPRT.KD","","","","","","","","","","","","","","","","","","","","","","","","","","","","","","","","","","","","","","","","","","","","","","","","","","","","","","","","","","","","","",
"Mali","MLI","Arms exports (SIPRI trend indicator values)","MS.MIL.XPRT.KD","","","","","","","","","","","","","","","","","","","","","","","","","","","","","","","","","","","","","","","","","","","","","","","","","","","","","","","","","","","","","",
"Malta","MLT","Arms exports (SIPRI trend indicator values)","MS.MIL.XPRT.KD","","","","","","","","","","","","","","","","","","","","","","","","","","","","","","","","","","","","","","","","","","","","","10000000","","","","","","","","","","","5000000","","","","","",
"Myanmar","MMR","Arms exports (SIPRI trend indicator values)","MS.MIL.XPRT.KD","","","","","","","","","","","","","","","","","","","","","","","","","","","","","","","","","","","","","","","","","","","","","","","","","","","","","","","","","","","","","",
"Middle East & North Africa (excluding high income)","MNA","Arms exports (SIPRI trend indicator values)","MS.MIL.XPRT.KD","3000000","0","12000000","8000000","2000000","","13000000","32000000","32000000","21000000","79000000","42000000","","28000000","154000000","","","","","","158000000","","427000000","207000000","","","","","","","","","","","83000000","","","14000000","","","","","","","","","","","","","","","","","","","","","","","",
"Montenegro","MNE","Arms exports (SIPRI trend indicator values)","MS.MIL.XPRT.KD","","","","","","","","","","","","","","","","","","","","","","","","","","","","","","","","","","","","","","","","","","","","","","","71000000","109000000","","","18000000","","","","","","","0","","","",
"Mongolia","MNG","Arms exports (SIPRI trend indicator values)","MS.MIL.XPRT.KD","","","","","","","","","","","","","","","","","","","","","","","","","","","","","","","","","","","","","","","","","","","","","","","","","","","","","","","","","","","","","",
"Northern Mariana Islands","MNP","Arms exports (SIPRI trend indicator values)","MS.MIL.XPRT.KD","","","","","","","","","","","","","","","","","","","","","","","","","","","","","","","","","","","","","","","","","","","","","","","","","","","","","","","","","","","","","",
"Mozambique","MOZ","Arms exports (SIPRI trend indicator values)","MS.MIL.XPRT.KD","","","","","","","","","","","","","","","","","","1000000","","","","","","","","","","","","","","","","","","","","","","","","","","","","","","","","","","","","","","","","","","","",
"Mauritania","MRT","Arms exports (SIPRI trend indicator values)","MS.MIL.XPRT.KD","","","","","","","","","","","","","","","","","","","","","","","","","","","","","","","","","","","","","","","","","","","","","","","","","","","","","","","","","","","","","",
"Mauritius","MUS","Arms exports (SIPRI trend indicator values)","MS.MIL.XPRT.KD","","","","","","","","","","","","","","","","","","","","","","","","","","","","","","","","","","","","","","","","","","","","","","","","","","","","","","","","","","","","","",
"Malawi","MWI","Arms exports (SIPRI trend indicator values)","MS.MIL.XPRT.KD","","","","","","","","","","","","","","","","","","","","","","","","","","","","","","","","","","","","","","","","","1000000","","","","","","","","","","","","","","","","","","","","",
"Malaysia","MYS","Arms exports (SIPRI trend indicator values)","MS.MIL.XPRT.KD","","","","","","","","","","","","7000000","","","","","","","","","","","6000000","","","","","3000000","","","","","","","","0","","","","11000000","","","","","","","","","","0","","","","15000000","15000000","","","","","","",
"North America","NAC","Arms exports (SIPRI trend indicator values)","MS.MIL.XPRT.KD","6108000000","6718000000","6116000000","9231000000","12490000000","11262000000","8515000000","7309000000","8646000000","11936000000","9207000000","12013000000","11114000000","12163000000","12901000000","15828000000","15991000000","14556000000","14273000000","9916000000","10893000000","13741000000","14274000000","14067000000","11995000000","10915000000","11912000000","12531000000","12051000000","11396000000","10834000000","12610000000","14261000000","14002000000","11693000000","11481000000","11038000000","14626000000","15773000000","11641000000","7651000000","5735000000","5130000000","5947000000","7129000000","7012000000","7765000000","8174000000","7044000000","7062000000","8283000000","9318000000","9351000000","7699000000","9811000000","10309000000","9975000000","12122000000","10525000000","10940000000","",
"Namibia","NAM","Arms exports (SIPRI trend indicator values)","MS.MIL.XPRT.KD","","","","","","","","","","","","","","","","","","","","","","","","","","","","","","","","","","","","","","","","","","","","","","","","","","","","","","","","","","","","","",
"New Caledonia","NCL","Arms exports (SIPRI trend indicator values)","MS.MIL.XPRT.KD","","","","","","","","","","","","","","","","","","","","","","","","","","","","","","","","","","","","","","","","","","","","","","","","","","","","","","","","","","","","","",
"Niger","NER","Arms exports (SIPRI trend indicator values)","MS.MIL.XPRT.KD","","","","","","","","","","","","","","0","","","","","","","","","","","","","","","","","","","","","","","","","","","","","","","","","","","","","","","","","","","","","","","",
"Nigeria","NGA","Arms exports (SIPRI trend indicator values)","MS.MIL.XPRT.KD","","","","","","","","","","","","","","","","","","","","","","","","","","","","","","2000000","3000000","","","","","","","","","","","","","","","","","","","","","","","","","","","","","","",
"Nicaragua","NIC","Arms exports (SIPRI trend indicator values)","MS.MIL.XPRT.KD","","","","","","","","","","","","","","","","","","","","","","","","","","","","","","2000000","2000000","","72000000","17000000","","5000000","","","","","","","","","","","","","","","","","","","","","","","","","",
"Netherlands","NLD","Arms exports (SIPRI trend indicator values)","MS.MIL.XPRT.KD","36000000","108000000","99000000","79000000","93000000","99000000","79000000","95000000","350000000","111000000","5000000","161000000","133000000","205000000","82000000","147000000","293000000","446000000","234000000","244000000","619000000","804000000","664000000","465000000","366000000","184000000","352000000","512000000","763000000","558000000","416000000","455000000","365000000","455000000","627000000","473000000","499000000","614000000","624000000","359000000","284000000","203000000","233000000","331000000","204000000","505000000","1146000000","1213000000","446000000","495000000","371000000","546000000","858000000","374000000","631000000","461000000","471000000","1048000000","438000000","285000000","",
"Norway","NOR","Arms exports (SIPRI trend indicator values)","MS.MIL.XPRT.KD","38000000","","25000000","55000000","67000000","65000000","80000000","140000000","65000000","53000000","","8000000","31000000","10000000","","8000000","8000000","8000000","93000000","161000000","158000000","278000000","68000000","35000000","","42000000","29000000","54000000","34000000","127000000","85000000","170000000","75000000","51000000","64000000","21000000","4000000","19000000","3000000","5000000","3000000","42000000","92000000","101000000","66000000","6000000","17000000","65000000","118000000","155000000","159000000","151000000","172000000","175000000","164000000","212000000","122000000","153000000","58000000","32000000","",
"Nepal","NPL","Arms exports (SIPRI trend indicator values)","MS.MIL.XPRT.KD","","","","","","","","","","","","","","","","","","","","","","","","","","","","","","","","","","","","","","","","","","","","","","","","","","","","","","","","","","","","","",
"Nauru","NRU","Arms exports (SIPRI trend indicator values)","MS.MIL.XPRT.KD","","","","","","","","","","","","","","","","","","","","","","","","","","","","","","","","","","","","","","","","","","","","","","","","","","","","","","","","","","","","","",
"New Zealand","NZL","Arms exports (SIPRI trend indicator values)","MS.MIL.XPRT.KD","","","","","","","","1000000","1000000","0","","","0","2000000","5000000","3000000","","","","","","1000000","2000000","","10000000","7000000","0","","","","","34000000","4000000","","3000000","","","","","1000000","1000000","","1000000","","1000000","0","","","","","","","75000000","","","1000000","6000000","4000000","6000000","","",
"OECD members","OED","Arms exports (SIPRI trend indicator values)","MS.MIL.XPRT.KD","10101000000","9847000000","9436000000","12742000000","17027000000","15523000000","13511000000","12808000000","13496000000","17008000000","14156000000","19554000000","18691000000","18973000000","19798000000","24086000000","24173000000","23259000000","23415000000","19087000000","21503000000","26298000000","26140000000","25646000000","23715000000","20823000000","20627000000","21318000000","20638000000","20861000000","18427000000","20006000000","20092000000","20420000000","19762000000","17712000000","18909000000","23732000000","24343000000","18826000000","13744000000","12123000000","10712000000","12150000000","13786000000","15302000000","17745000000","19501000000","16148000000","16878000000","16418000000","18886000000","16250000000","15654000000","19122000000","19794000000","20738000000","23287000000","18849000000","20344000000","",
"Oman","OMN","Arms exports (SIPRI trend indicator values)","MS.MIL.XPRT.KD","","","","","","","","","","","","","","","","","","5000000","","","","","","","","","5000000","","","","","","","","0","","","","","","","","","","","1000000","","","","","","","","","","","","7000000","","","",
"Other small states","OSS","Arms exports (SIPRI trend indicator values)","MS.MIL.XPRT.KD","","","","","","","","","","","","","","","","","","","","","","","","","","","","","","","","","","","","","","","","","","","","","","","","","","","","","","","","","","","","","",
"Pakistan","PAK","Arms exports (SIPRI trend indicator values)","MS.MIL.XPRT.KD","","","","","","","","6000000","","","","3000000","","","","","","","","","15000000","30000000","30000000","","","","","","","1000000","82000000","3000000","","","2000000","","","","","","3000000","1000000","9000000","8000000","9000000","24000000","4000000","","1000000","","","","","","","","1000000","3000000","2000000","1000000","",
"Panama","PAN","Arms exports (SIPRI trend indicator values)","MS.MIL.XPRT.KD","","","","","","","","","","","","","","","","","","","","2000000","","","","","","","","","","","","","","","","","","","","","","","","","","","","","","","","","","","","","","","","1000000","",
"Peru","PER","Arms exports (SIPRI trend indicator values)","MS.MIL.XPRT.KD","","","","","","","","","","","","","","","","","","","","","","","53000000","","","","","","","","","","","","","","","","","","","14000000","","","5000000","","","","","","","","","","","","","","","","",
"Philippines","PHL","Arms exports (SIPRI trend indicator values)","MS.MIL.XPRT.KD","","","","","","","","","","","","","","","","","","","","","","","","","","","1000000","","","","","","","","","","","","","","","","","","","","","4000000","","","","","","","","","","","","","",
"Palau","PLW","Arms exports (SIPRI trend indicator values)","MS.MIL.XPRT.KD","","","","","","","","","","","","","","","","","","","","","","","","","","","","","","","","","","","","","","","","","","","","","","","","","","","","","","","","","","","","","",
"Papua New Guinea","PNG","Arms exports (SIPRI trend indicator values)","MS.MIL.XPRT.KD","","","","","","","","","","","","","","","","","","","","","","","","","","","","","","","","","","","","","","","","","","","","","","","","","","","","","","","","","","","","","",
"Poland","POL","Arms exports (SIPRI trend indicator values)","MS.MIL.XPRT.KD","5000000","5000000","12000000","111000000","237000000","234000000","319000000","309000000","288000000","323000000","268000000","274000000","272000000","158000000","232000000","299000000","406000000","382000000","317000000","229000000","207000000","346000000","211000000","115000000","90000000","130000000","265000000","222000000","232000000","20000000","105000000","55000000","56000000","","131000000","175000000","46000000","21000000","1000000","64000000","47000000","81000000","56000000","81000000","47000000","18000000","282000000","163000000","73000000","75000000","28000000","8000000","24000000","142000000","24000000","3000000","5000000","15000000","21000000","","",
"Pre-demographic dividend","PRE","Arms exports (SIPRI trend indicator values)","MS.MIL.XPRT.KD","3000000","","","","","","","1000000","0","","","1000000","","0","","","","","","","","","","","","","","","","","","","","","","","","","","","","","","","","","","","","","","","","","","","","","","","",
"Puerto Rico","PRI","Arms exports (SIPRI trend indicator values)","MS.MIL.XPRT.KD","","","","","","","","","","","","","","","","","","","","","","","","","","","","","","","","","","","","","","","","","","","","","","","","","","","","","","","","","","","","","",
"Korea, Dem. Peoples Rep.","PRK","Arms exports (SIPRI trend indicator values)","MS.MIL.XPRT.KD","","","","","","","","","","","","","","","8000000","12000000","","","","20000000","29000000","5000000","148000000","250000000","88000000","57000000","65000000","212000000","189000000","58000000","4000000","113000000","131000000","137000000","24000000","41000000","47000000","47000000","81000000","55000000","58000000","73000000","162000000","134000000","47000000","20000000","20000000","20000000","20000000","26000000","5000000","","","","1000000","","","","","","",
"Portugal","PRT","Arms exports (SIPRI trend indicator values)","MS.MIL.XPRT.KD","","","","","","","","2000000","","","","3000000","","5000000","11000000","105000000","21000000","","4000000","4000000","2000000","","","1000000","","","1000000","1000000","","71000000","","","","1000000","","","","","","","","","","","","","","","99000000","46000000","","0","0","","18000000","7000000","172000000","56000000","3000000","3000000","",
"Paraguay","PRY","Arms exports (SIPRI trend indicator values)","MS.MIL.XPRT.KD","","","","","","","","","","","","","","","","","","","","","","","","","","","","","","","","","","","","","","","","","","","","","","","","","","","","","","","","","","","","","",
"West Bank and Gaza","PSE","Arms exports (SIPRI trend indicator values)","MS.MIL.XPRT.KD","","","","","","","","","","","","","","","","","","","","","","","","","","","","","","","","","","","","","","","","","","","","","","","","","","","","","","","","","","","","","",
"Pacific island small states","PSS","Arms exports (SIPRI trend indicator values)","MS.MIL.XPRT.KD","","","","","","","","","","","","","","","","","","","","","","","","","","","","","","","","","","","","","","","","","","","","","","","","","","","","","","","","","","","","","",
"Post-demographic dividend","PST","Arms exports (SIPRI trend indicator values)","MS.MIL.XPRT.KD","10096000000","9842000000","9424000000","12631000000","16785000000","15279000000","13178000000","12486000000","13185000000","16661000000","13875000000","19261000000","18388000000","18802000000","19521000000","23696000000","23713000000","22675000000","22926000000","18741000000","21002000000","25735000000","25673000000","25141000000","23435000000","20485000000","20113000000","21037000000","20352000000","20718000000","18287000000","19842000000","19888000000","19989000000","19610000000","17446000000","18884000000","24360000000","24931000000","19786000000","13814000000","12080000000","10431000000","12025000000","13368000000","15165000000","17515000000","19324000000","16075000000","16489000000","16328000000","18948000000","17253000000","15875000000","19204000000","19428000000","19837000000","22264000000","18150000000","19925000000","",
"French Polynesia","PYF","Arms exports (SIPRI trend indicator values)","MS.MIL.XPRT.KD","","","","","","","","","","","","","","","","","","","","","","","","","","","","","","","","","","","","","","","","","","","","","","","","","","","","","","","","","","","","","",
"Qatar","QAT","Arms exports (SIPRI trend indicator values)","MS.MIL.XPRT.KD","","","","","","","","","","","","","","","","","","","","","","","","","","","","","","","","","","40000000","","","","","","9000000","","","","","","","2000000","","","","","0","","","","","","","3000000","11000000","",
"Romania","ROU","Arms exports (SIPRI trend indicator values)","MS.MIL.XPRT.KD","","","","","","","","","","","","6000000","9000000","9000000","1000000","","","","27000000","44000000","48000000","30000000","91000000","101000000","173000000","99000000","28000000","35000000","52000000","25000000","7000000","5000000","14000000","16000000","29000000","9000000","4000000","11000000","2000000","19000000","3000000","","","24000000","","3000000","8000000","32000000","","2000000","1000000","0","108000000","108000000","","","","","","","",
"Russian Federation","RUS","Arms exports (SIPRI trend indicator values)","MS.MIL.XPRT.KD","","","","","","","","","","","","","","","","","","","","","","","","","","","","","","","","","2605000000","3439000000","1475000000","3891000000","3571000000","3347000000","2040000000","4264000000","4503000000","5291000000","5746000000","5169000000","6288000000","5229000000","5159000000","5535000000","6253000000","5066000000","6275000000","8730000000","8261000000","7986000000","5527000000","5990000000","6841000000","6015000000","6506000000","4718000000","",
"Rwanda","RWA","Arms exports (SIPRI trend indicator values)","MS.MIL.XPRT.KD","","","","","","","","","","","","","","","","","","","","","","","","","","","","","","","","","","","","","","","","","","","","","","","","","","","","","","","","","","","","","",
"South Asia","SAS","Arms exports (SIPRI trend indicator values)","MS.MIL.XPRT.KD","","","","","","","","6000000","1000000","","","10000000","2000000","21000000","24000000","31000000","","","27000000","","","","32000000","","","","","","","1000000","85000000","3000000","","","4000000","","","","8000000","0","24000000","3000000","9000000","12000000","36000000","43000000","37000000","23000000","16000000","27000000","5000000","3000000","","14000000","36000000","42000000","46000000","59000000","45000000","116000000","",
"Saudi Arabia","SAU","Arms exports (SIPRI trend indicator values)","MS.MIL.XPRT.KD","","","","","","","","4000000","3000000","","","","2000000","","","","0","13000000","","","","33000000","","","3000000","4000000","","","","","","","","12000000","","","1000000","","","","","","","","","","18000000","","","","1000000","62000000","","","","3000000","","","","","",
"Sudan","SDN","Arms exports (SIPRI trend indicator values)","MS.MIL.XPRT.KD","","","","","","","","1000000","","","","","","","","","","","","","","","","","","","4000000","","","","","","","","","","","","","","","","","","","","","","","","","","","11000000","","","","","","","",
"Senegal","SEN","Arms exports (SIPRI trend indicator values)","MS.MIL.XPRT.KD","","","","","","","","","","","","","","","","","3000000","","","","","","","","","","","","","","","","","","","","","","","","","","","","","","","","","","","","","","","","","","","","",
"Singapore","SGP","Arms exports (SIPRI trend indicator values)","MS.MIL.XPRT.KD","","","","","","","","","","","","2000000","","","","17000000","","","30000000","72000000","","15000000","","25000000","91000000","","","81000000","25000000","87000000","44000000","3000000","3000000","11000000","30000000","","0","46000000","23000000","11000000","11000000","","4000000","","65000000","","","","","31000000","25000000","13000000","76000000","1000000","2000000","48000000","47000000","","","","",
"Solomon Islands","SLB","Arms exports (SIPRI trend indicator values)","MS.MIL.XPRT.KD","","","","","","","","","","","","","","","","","","","","","","","","","","","","","","","","","","","","","","","","","","","","","","","","","","","","","","","","","","","","","",
"Sierra Leone","SLE","Arms exports (SIPRI trend indicator values)","MS.MIL.XPRT.KD","","","","","","","","","","","","","","","","","","","","","","","","","","","","","","","","","","","","","","","","","","","","","","","","","","","","","","","","","","","","","",
"El Salvador","SLV","Arms exports (SIPRI trend indicator values)","MS.MIL.XPRT.KD","","","","","","","","","","","","","","","","","","","","","","","","","","","","","","","","1000000","","","","","","","","","","","","","","","","","","","","","","","","","","","","","",
"San Marino","SMR","Arms exports (SIPRI trend indicator values)","MS.MIL.XPRT.KD","","","","","","","","","","","","","","","","","","","","","","","","","","","","","","","","","","","","","","","","","","","","","","","","","","","","","","","","","","","","","",
"Somalia","SOM","Arms exports (SIPRI trend indicator values)","MS.MIL.XPRT.KD","","","","","","","","","","","","","","","","","","","","","","","","","","","","","","","","","","","","","","","","","","","","","","","","","","","","","","","","","","","","","",
"Serbia","SRB","Arms exports (SIPRI trend indicator values)","MS.MIL.XPRT.KD","","","","","","","","","","","","","","","","","","","","","","","","","","","","","","","","","","","","","20000000","5000000","","","","11000000","","","","","5000000","5000000","45000000","1000000","31000000","4000000","11000000","11000000","10000000","35000000","23000000","2000000","27000000","","",
"Sub-Saharan Africa (excluding high income)","SSA","Arms exports (SIPRI trend indicator values)","MS.MIL.XPRT.KD","27000000","33000000","","","","","","5000000","","14000000","3000000","6000000","12000000","2000000","2000000","18000000","19000000","","","","","","","","","","","","","","","","","","","","","","","","","","","","","","","","","","","","","","","","","","","","",
"South Sudan","SSD","Arms exports (SIPRI trend indicator values)","MS.MIL.XPRT.KD","","","","","","","","","","","","","","","","","","","","","","","","","","","","","","","","","","","","","","","","","","","","","","","","","","","","","","","","","","","","","",
"Sub-Saharan Africa","SSF","Arms exports (SIPRI trend indicator values)","MS.MIL.XPRT.KD","27000000","33000000","","","","","","5000000","","14000000","3000000","6000000","12000000","2000000","2000000","18000000","19000000","","","","","","","","","","","","","","","","","","","","","","","","","","","","","","","","","","","","","","","","","","","","",
"Small states","SST","Arms exports (SIPRI trend indicator values)","MS.MIL.XPRT.KD","","","","","","","","","","","","","","","","","","","","","","","","","","","","","","","","","","","","","","","","","","","","","","","","","","","","","","","","","","","","","",
"Sao Tome and Principe","STP","Arms exports (SIPRI trend indicator values)","MS.MIL.XPRT.KD","","","","","","","","","","","","","","","","","","","","","","","","","","","","","","","","","","","","","","","","","","","","","","","","","","","","","","","","","","","","","",
"Suriname","SUR","Arms exports (SIPRI trend indicator values)","MS.MIL.XPRT.KD","","","","","","","","","","","","","","","","","","","","","","","","","","","","","","","","","","","","","","","","","","","","","","","","","","","","","","","","","","","","","",
"Slovak Republic","SVK","Arms exports (SIPRI trend indicator values)","MS.MIL.XPRT.KD","","","","","","","","","","","","","","","","","","","","","","","","","","","","","","","","","","173000000","37000000","97000000","59000000","55000000","10000000","125000000","37000000","53000000","32000000","","46000000","","7000000","22000000","8000000","","","","4000000","1000000","8000000","3000000","18000000","22000000","12000000","","",
"Slovenia","SVN","Arms exports (SIPRI trend indicator values)","MS.MIL.XPRT.KD","","","","","","","","","","","","","","","","","","","","","","","","","","","","","","","","","","","","","","","","","","","","","","","","","","","","","","","","","0","","","","",
"Sweden","SWE","Arms exports (SIPRI trend indicator values)","MS.MIL.XPRT.KD","38000000","45000000","44000000","13000000","22000000","32000000","56000000","55000000","60000000","36000000","262000000","550000000","138000000","15000000","75000000","122000000","70000000","53000000","54000000","263000000","158000000","130000000","125000000","117000000","224000000","209000000","317000000","233000000","515000000","403000000","231000000","156000000","149000000","103000000","111000000","196000000","347000000","102000000","336000000","386000000","359000000","895000000","163000000","515000000","294000000","534000000","390000000","336000000","453000000","409000000","659000000","694000000","478000000","388000000","336000000","175000000","261000000","82000000","159000000","206000000","",
"Eswatini","SWZ","Arms exports (SIPRI trend indicator values)","MS.MIL.XPRT.KD","","","","","","","","","","","","","","","","","","","","","","","","","","","","","","","","","","","","","","","","","","","","","","","","","","","","","","","","","","","","","",
"Sint Maarten (Dutch part)","SXM","Arms exports (SIPRI trend indicator values)","MS.MIL.XPRT.KD","","","","","","","","","","","","","","","","","","","","","","","","","","","","","","","","","","","","","","","","","","","","","","","","","","","","","","","","","","","","","",
"Seychelles","SYC","Arms exports (SIPRI trend indicator values)","MS.MIL.XPRT.KD","","","","","","","","","","","","","","","","","","","","","","","","","","","","","","","","","","","","1000000","","","","","","","","","","","","","","","","","","","","","","","","","",
"Syrian Arab Republic","SYR","Arms exports (SIPRI trend indicator values)","MS.MIL.XPRT.KD","","","","","","","","","","","17000000","","","","2000000","2000000","","0","","","","","178000000","46000000","1000000","29000000","31000000","","15000000","","","","40000000","40000000","","","0","0","","","","","","","","","3000000","","","20000000","20000000","","","","","","","","","","",
"Turks and Caicos Islands","TCA","Arms exports (SIPRI trend indicator values)","MS.MIL.XPRT.KD","","","","","","","","","","","","","","","","","","","","","","","","","","","","","","","","","","","","","","","","","","","","","","","","","","","","","","","","","","","","","",
"Chad","TCD","Arms exports (SIPRI trend indicator values)","MS.MIL.XPRT.KD","","","","","","","","","","","","","","","","","","","","","","","","","","","","20000000","","","","","","","","","","","","","","","","","","","","","","","","","","","","","","","","","",
"East Asia & Pacific (IDA & IBRD countries)","TEA","Arms exports (SIPRI trend indicator values)","MS.MIL.XPRT.KD","285000000","35000000","51000000","18000000","67000000","386000000","619000000","410000000","730000000","657000000","905000000","","","","","","","","","","","","","","","","","","","","","","","","","1035000000","","","","392000000","","","","707000000","445000000","294000000","783000000","514000000","653000000","1140000000","1478000000","1285000000","1540000000","2095000000","1241000000","1799000000","2460000000","1442000000","1155000000","1431000000","",
"Europe & Central Asia (IDA & IBRD countries)","TEC","Arms exports (SIPRI trend indicator values)","MS.MIL.XPRT.KD","5000000","5000000","12000000","111000000","237000000","234000000","319000000","309000000","288000000","323000000","268000000","280000000","281000000","167000000","233000000","","","","344000000","273000000","278000000","387000000","","220000000","","","399000000","","","","","","","","1962000000","4323000000","4062000000","4509000000","2862000000","5970000000","5233000000","6012000000","6371000000","6080000000","6747000000","5725000000","6217000000","6606000000","7145000000","5926000000","7282000000","9730000000","10126000000","9369000000","6430000000","6869000000","7879000000","6605000000","7073000000","","",
"Togo","TGO","Arms exports (SIPRI trend indicator values)","MS.MIL.XPRT.KD","","","","","","","","","","","","","","","","","","","","","","","","","","","","","","","","","","","","","","","","","","","","","","","","","","","","","","","","","","","","","",
"Thailand","THA","Arms exports (SIPRI trend indicator values)","MS.MIL.XPRT.KD","","","","","","","","","","","","","","","","","","","","","","","","","","","","","","","","","","","","","","","","","","","","7000000","7000000","","93000000","","","","","","","","","","2000000","2000000","","","",
"Tajikistan","TJK","Arms exports (SIPRI trend indicator values)","MS.MIL.XPRT.KD","","","","","","","","","","","","","","","","","","","","","","","","","","","","","","","","","","","","","","","","","","","","","","","","","","","","","","","","","","","","","",
"Turkmenistan","TKM","Arms exports (SIPRI trend indicator values)","MS.MIL.XPRT.KD","","","","","","","","","","","","","","","","","","","","","","","","","","","","","","","","","","","","","","","","","","","","","","","","","","","","","","","","","","","","","",
"Latin America & the Caribbean (IDA & IBRD countries)","TLA","Arms exports (SIPRI trend indicator values)","MS.MIL.XPRT.KD","8000000","12000000","6000000","","4000000","","","0","","","","","","","","72000000","","","","","","","","","","","","","","","","","","","","","","","","","","","","","","","","","","","","","","","","","","","","22000000","",
"Timor-Leste","TLS","Arms exports (SIPRI trend indicator values)","MS.MIL.XPRT.KD","","","","","","","","","","","","","","","","","","","","","","","","","","","","","","","","","","","","","","","","","","","","","","","","","","","","","","","","","","","","","",
"Middle East & North Africa (IDA & IBRD countries)","TMN","Arms exports (SIPRI trend indicator values)","MS.MIL.XPRT.KD","3000000","0","12000000","8000000","2000000","","13000000","32000000","32000000","21000000","79000000","42000000","","28000000","154000000","","","","","","158000000","","427000000","207000000","","","","","","","","","","","83000000","","","14000000","","","","","","","","","","","","","","","","","","","","","","","",
"Tonga","TON","Arms exports (SIPRI trend indicator values)","MS.MIL.XPRT.KD","","","","","","","","","","","","","","","","","","","","","","","","","","","","","","","","","","","","","","","","","","","","","","","","","","","","","","","","","","","","","",
"South Asia (IDA & IBRD)","TSA","Arms exports (SIPRI trend indicator values)","MS.MIL.XPRT.KD","","","","","","","","6000000","1000000","","","10000000","2000000","21000000","24000000","31000000","","","27000000","","","","32000000","","","","","","","1000000","85000000","3000000","","","4000000","","","","8000000","0","24000000","3000000","9000000","12000000","36000000","43000000","37000000","23000000","16000000","27000000","5000000","3000000","","14000000","36000000","42000000","46000000","59000000","45000000","116000000","",
"Sub-Saharan Africa (IDA & IBRD countries)","TSS","Arms exports (SIPRI trend indicator values)","MS.MIL.XPRT.KD","27000000","33000000","","","","","","5000000","","14000000","3000000","6000000","12000000","2000000","2000000","18000000","19000000","","","","","","","","","","","","","","","","","","","","","","","","","","","","","","","","","","","","","","","","","","","","",
"Trinidad and Tobago","TTO","Arms exports (SIPRI trend indicator values)","MS.MIL.XPRT.KD","","","","","","","","","","","","","","","","","","","","","","","","","","","","","","","","","","","","","","","","","","","","","","","","","","","","","","","","","","","","","",
"Tunisia","TUN","Arms exports (SIPRI trend indicator values)","MS.MIL.XPRT.KD","","","","","","","","","","","","","","","","","","","","","","","","","","","","","","","","","","","","","","","","","","","","","","","","","","","","","","","","","","","","","",
"Turkey","TUR","Arms exports (SIPRI trend indicator values)","MS.MIL.XPRT.KD","","","","","","","","","","","","","","","","","","","","","23000000","11000000","","","","","","","","","","","","","","3000000","3000000","0","3000000","43000000","19000000","5000000","26000000","42000000","28000000","23000000","82000000","66000000","111000000","63000000","72000000","86000000","143000000","156000000","165000000","248000000","232000000","171000000","265000000","245000000","",
"Tuvalu","TUV","Arms exports (SIPRI trend indicator values)","MS.MIL.XPRT.KD","","","","","","","","","","","","","","","","","","","","","","","","","","","","","","","","","","","","","","","","","","","","","","","","","","","","","","","","","","","","","",
"Tanzania","TZA","Arms exports (SIPRI trend indicator values)","MS.MIL.XPRT.KD","","","","","","","","","","","","","","","","","","","","","","","","","","","","","","","","","","","","","","","","","","","","","","","","","","","","","","","","","","","","","",
"Uganda","UGA","Arms exports (SIPRI trend indicator values)","MS.MIL.XPRT.KD","","","","","","","","","0","","","","","","","","","","","","","","","","","","","","","","","","","","","","","","","","","","","","","","","","","","","","","","","","4000000","","","","",
"Ukraine","UKR","Arms exports (SIPRI trend indicator values)","MS.MIL.XPRT.KD","","","","","","","","","","","","","","","","","","","","","","","","","","","","","","","","","165000000","82000000","236000000","167000000","256000000","558000000","708000000","732000000","270000000","511000000","310000000","306000000","199000000","291000000","531000000","644000000","392000000","433000000","485000000","570000000","1501000000","674000000","622000000","343000000","486000000","307000000","195000000","91000000","",
"Upper middle income","UMC","Arms exports (SIPRI trend indicator values)","MS.MIL.XPRT.KD","317000000","80000000","","","","","","443000000","","691000000","","","","","","916000000","","","","","","","","","","","","","","","","","","","","5006000000","","","","","","","","","7100000000","","6477000000","","7600000000","6618000000","","10406000000","10292000000","10711000000","7299000000","8414000000","9982000000","7945000000","8180000000","6761000000","",
"Uruguay","URY","Arms exports (SIPRI trend indicator values)","MS.MIL.XPRT.KD","6000000","","","","","","","","","","","","","","","","","","","","","","","","","","","","","","","","","","","","","","","","1000000","","","","","","","","","","","","","","","","","","","","",
"United States","USA","Arms exports (SIPRI trend indicator values)","MS.MIL.XPRT.KD","6056000000","6404000000","5928000000","9017000000","12237000000","11151000000","8413000000","7256000000","8449000000","11770000000","9011000000","11720000000","10787000000","12033000000","12780000000","15680000000","15662000000","14387000000","14083000000","9721000000","10732000000","13611000000","14015000000","13947000000","11887000000","10815000000","11651000000","12252000000","11898000000","11347000000","10733000000","12489000000","14118000000","13856000000","11526000000","11218000000","10878000000","14531000000","15733000000","11562000000","7577000000","5606000000","4947000000","5659000000","6843000000","6770000000","7521000000","7832000000","6797000000","6870000000","8033000000","8988000000","9074000000","7508000000","9608000000","9963000000","9855000000","12050000000","10414000000","10752000000","",
"Uzbekistan","UZB","Arms exports (SIPRI trend indicator values)","MS.MIL.XPRT.KD","","","","","","","","","","","","","","","","","","","","","","","","","","","","","","","","","","","","","","","","","","","","252000000","126000000","4000000","","","","209000000","209000000","209000000","","","","34000000","68000000","","","","",
"St. Vincent and the Grenadines","VCT","Arms exports (SIPRI trend indicator values)","MS.MIL.XPRT.KD","","","","","","","","","","","","","","","","","","","","","","","","","","","","","","","","","","","","","","","","","","","","","","","","","","","","","","","","","","","","","",
"Venezuela, RB","VEN","Arms exports (SIPRI trend indicator values)","MS.MIL.XPRT.KD","","","","","","","","","","17000000","","","","","","13000000","","","","","","","","","","","","0","","","","","","","","","","","","","","","","","1000000","","7000000","","3000000","40000000","","","","","","","","","","","",
"British Virgin Islands","VGB","Arms exports (SIPRI trend indicator values)","MS.MIL.XPRT.KD","","","","","","","","","","","","","","","","","","","","","","","","","","","","","","","","","","","","","","","","","","","","","","","","","","","","","","","","","","","","","",
"Virgin Islands (U.S.)","VIR","Arms exports (SIPRI trend indicator values)","MS.MIL.XPRT.KD","","","","","","","","","","","","","","","","","","","","","","","","","","","","","","","","","","","","","","","","","","","","","","","","","","","","","","","","","","","","","",
"Vietnam","VNM","Arms exports (SIPRI trend indicator values)","MS.MIL.XPRT.KD","","","","","","","","","","","","","0","","","","","","","","","","","","","","","11000000","","","","","","","","","","","","","","","","","","","14000000","","","","","","","","","","","","","","",
"Vanuatu","VUT","Arms exports (SIPRI trend indicator values)","MS.MIL.XPRT.KD","","","","","","","","","","","","","","","","","","","","","","","","","","","","","","","","","","","","","","","","","","","","","","","","","","","","","","","","","","","","","",
"World","WLD","Arms exports (SIPRI trend indicator values)","MS.MIL.XPRT.KD","","","","","","","","","","","","","","","","","","","","","","","","","","","","","","","","","","","","","","","","","","","","","","","","","","","","","","","","","","","","","",
"Samoa","WSM","Arms exports (SIPRI trend indicator values)","MS.MIL.XPRT.KD","","","","","","","","","","","","","","","","","","","","","","","","","","","","","","","","","","","","","","","","","","","","","","","","","","","","","","","","","","","","","",
"Kosovo","XKX","Arms exports (SIPRI trend indicator values)","MS.MIL.XPRT.KD","","","","","","","","","","","","","","","","","","","","","","","","","","","","","","","","","","","","","","","","","","","","","","","","","","","","","","","","","","","","","",
"Yemen, Rep.","YEM","Arms exports (SIPRI trend indicator values)","MS.MIL.XPRT.KD","","","","","","","","","","","","","","","","6000000","","","","","","","","","","","51000000","","","","","","","","","","","","","","","","","","","","","","","","","","","","","","","","","","",
"South Africa","ZAF","Arms exports (SIPRI trend indicator values)","MS.MIL.XPRT.KD","27000000","33000000","","","","","","4000000","","14000000","3000000","5000000","12000000","1000000","2000000","18000000","16000000","0","","","39000000","39000000","1000000","","","25000000","25000000","28000000","25000000","0","","54000000","75000000","54000000","11000000","17000000","31000000","7000000","22000000","28000000","21000000","37000000","17000000","43000000","72000000","30000000","187000000","127000000","141000000","103000000","235000000","71000000","184000000","103000000","65000000","58000000","74000000","77000000","65000000","145000000","",
"Zambia","ZMB","Arms exports (SIPRI trend indicator values)","MS.MIL.XPRT.KD","","","","","","","","","","","","","","","","","","","","","","","","","","","","","","","2000000","","","","","","","","","","","","","","","","","","","","","","","","","","","","","","",
"Zimbabwe","ZWE","Arms exports (SIPRI trend indicator values)","MS.MIL.XPRT.KD","","","","","3000000","","","","","","","","","","","","","","","","","","","","","","","","","","","","","","","","","","","","","4000000","","","","","","","","","","","","","","","","","","","",
